{
  "json_validity": 99.33333333333333,
  "schema_compliance": 98.0,
  "tool_selection_accuracy": 97.0,
  "parameter_accuracy_aggregated": 92.26190476190477,
  "parameter_accuracy_per_param": {
    "doc_path": 96.36363636363636,
    "test_path": 92.42424242424242,
    "query": 91.57894736842105,
    "title": 91.66666666666666,
    "body": 88.88888888888889,
    "pr_number": 91.66666666666666
  },
  "end_to_end_executability": 96.66666666666667,
  "total_examples": 300
}